{"cameraMode":{"drawMode":0,"name":"Shaded","section":"Shading Mode"},"sceneLighting":true,"audioPlay":false,"sceneViewState":{"showFog":true,"showMaterialUpdate":false,"showSkybox":true,"showFlares":true,"showImageEffects":true,"showParticleSystems":true},"in2DMode":false,"pivot":{"x":-79.69969177246094,"y":-1.2377228736877442,"z":16.675212860107423},"rotation":{"x":-0.034715957939624789,"y":0.6943171620368958,"z":-0.03356825187802315,"w":-0.7180471420288086},"size":115.55655670166016,"orthographic":false}