{"cameraMode":{"drawMode":0,"name":"Shaded","section":"Shading Mode"},"sceneLighting":false,"audioPlay":false,"sceneViewState":{"showFog":true,"showMaterialUpdate":false,"showSkybox":true,"showFlares":true,"showImageEffects":true,"showParticleSystems":true},"in2DMode":false,"pivot":{"x":-0.8316406011581421,"y":1.7665379047393799,"z":-1.1145721673965455},"rotation":{"x":-0.032927632331848147,"y":0.9661528468132019,"z":-0.15820834040641786,"w":-0.20108363032341004},"size":6.626036643981934,"orthographic":false}