{"cameraMode":{"drawMode":0,"name":"Shaded","section":"Shading Mode"},"sceneLighting":false,"audioPlay":false,"sceneViewState":{"showFog":true,"showMaterialUpdate":false,"showSkybox":true,"showFlares":true,"showImageEffects":true,"showParticleSystems":true},"in2DMode":false,"pivot":{"x":1.4600000381469727,"y":1.2896500825881959,"z":2.7899999618530275},"rotation":{"x":-0.13438019156455995,"y":0.6704606413841248,"z":-0.12533818185329438,"w":-0.7188287973403931},"size":4.029661655426025,"orthographic":false}