{"cameraMode":{"drawMode":0,"name":"Shaded","section":"Shading Mode"},"sceneLighting":false,"audioPlay":false,"sceneViewState":{"showFog":true,"showMaterialUpdate":false,"showSkybox":true,"showFlares":true,"showImageEffects":true,"showParticleSystems":true},"in2DMode":false,"pivot":{"x":0.6800000667572022,"y":0.8360459804534912,"z":-6.480000019073486},"rotation":{"x":0.14199189841747285,"y":-0.6742677092552185,"z":0.13444316387176515,"w":0.7121281027793884},"size":2.8578836917877199,"orthographic":false}